{
    "impute": {
        "MCAR": {
            "0.01": {
                "tddpm": 3.608155441284179,
                "mean_mode": 10.14215885947047
            },
            "0.1": {
                "tddpm": 10.43287993562511,
                "mean_mode": 5.909312961558762
            },
            "0.3": {
                "tddpm": 11.684399220192716,
                "mean_mode": 9.357917811730161
            },
            "0.5": {
                "tddpm": 12.239038800807961,
                "mean_mode": 8.413928546680825
            }
        },
        "MNAR": {
            "0.01": {
                "tddpm": 26.8,
                "mean_mode": 5.14215885947047
            },
            "0.1": {
                "tddpm": 18.99004039316126,
                "mean_mode": 3.784960059388978
            },
            "0.3": {
                "tddpm": 13.581324726983606,
                "mean_mode": 2.311557914928066
            },
            "0.5": {
                "tddpm": 13.92999182945685,
                "mean_mode": 2.796958553009102
            }
        },
        "MAR": {
            "0.01": {
                "tddpm": 6.736212158203124,
                "mean_mode": 7.957841140529528
            },
            "0.1": {
                "tddpm": 8.027048557235616,
                "mean_mode": 9.151815881052666
            },
            "0.3": {
                "tddpm": 11.269269454384752,
                "mean_mode": 7.175030784061862
            },
            "0.5": {
                "tddpm": 11.434264138283984,
                "mean_mode": 6.443165663326753
            }
        }
    }
}
