{
    "impute": {
        "MCAR": {
            "0.01": 3.608155441284179,
            "0.1": 10.43287993562511,
            "0.3": 11.684399220192716,
            "0.5": 12.239038800807961,
            "0.1": 10.43287993562511
        }
    }
}
