{
    "n_layers": 0.3078216758551722,
    "lr": 0.19650524841444042,
    "batch_size": 0.16721551019407513,
    "steps": 0.14455365674582613,
    "num_samples": 0.08419318434455446,
    "num_timesteps": 0.03872604489202604,
    "d_last": 0.037725284753274926,
    "d_first": 0.023259394800630762
}
