{
    "impute": {
        "MCAR": {
            "0.01": {
                "tddpm": 0.5388563840141914,
                "mean_mode": 0.35875050561317673
            },
            "0.1": {
                "tddpm": 0.4754169641750696,
                "mean_mode": 0.3456612254468308
            },
            "0.3": {
                "tddpm": 0.45674531909609056,
                "mean_mode": 0.332737239423157
            },
            "0.5": {
                "tddpm": 0.45467827384476095,
                "mean_mode": 0.3295988180563507
            }
        },
        "MNAR": {
            "0.01": {
                "tddpm": 0.6682327596479132,
                "mean_mode": 0.48965336082366195
            },
            "0.1": {
                "tddpm": 0.6226239577742076,
                "mean_mode": 0.48965337603969245
            },
            "0.3": {
                "tddpm": 0.28062111692566954,
                "mean_mode": 0.12761229534597968
            },
            "0.5": {
                "tddpm": 0.29167911241862177,
                "mean_mode": 0.13819647954702163
            }
        },
        "MAR": {
            "0.01": {
                "tddpm": 0.3696868730089896,
                "mean_mode": 0.34687960595861844
            },
            "0.1": {
                "tddpm": 0.40648895352006725,
                "mean_mode": 0.3054671338714229
            },
            "0.3": {
                "tddpm": 0.4891655353319688,
                "mean_mode": 0.3464334715014199
            },
            "0.5": {
                "tddpm": 0.44286253057610736,
                "mean_mode": 0.3218939284897711
            }
        }
    }
}
