{
    "lr": 0.45554677655176073,
    "n_layers": 0.3071853619428741,
    "d_last": 0.11145430002854073,
    "num_timesteps": 0.04469382433278078,
    "steps": 0.02700575711835691,
    "num_samples": 0.019029985091716613,
    "batch_size": 0.018617180547915717,
    "d_first": 0.016466814386054556
}
