{
    "impute": {
        "MCAR": {
            "0.01": {
                "tddpm": 0.4989685058220451,
                "mean_mode": 0.528658492464479
            },
            "0.1": {
                "tddpm": 0.4075563225408884,
                "mean_mode": 0.4970896928827546
            },
            "0.3": {
                "tddpm": 0.3963351227157395,
                "mean_mode": 0.4967258361426152
            },
            "0.5": {
                "tddpm": 0.4031904440993934,
                "mean_mode": 0.5032116738291934
            }
        },
        "MNAR": {
            "0.01": {
                "tddpm": 0.39663676448053065,
                "mean_mode": 0.6583707013168203
            },
            "0.1": {
                "tddpm": 0.3850159581084912,
                "mean_mode": 0.556667554772786
            },
            "0.3": {
                "tddpm": 0.4692499832139091,
                "mean_mode": 0.5525532348152892
            },
            "0.5": {
                "tddpm": 0.31748162712043076,
                "mean_mode": 0.36369513448544877
            }
        },
        "MAR": {
            "0.01": {
                "tddpm": 0.2814838708623712,
                "mean_mode": 0.4320657974971541
            },
            "0.1": {
                "tddpm": 0.3112908215352795,
                "mean_mode": 0.42365020322300695
            },
            "0.3": {
                "tddpm": 0.3220472115860125,
                "mean_mode": 0.5026094472604435
            },
            "0.5": {
                "tddpm": 0.34239780460661,
                "mean_mode": 0.43999200629429025
            }
        }
    }
}
