{
    "learning_rate": 0.0010001695988925891,
    "depth": 3,
    "l2_leaf_reg": 1.2261072260060206,
    "bagging_temperature": 0.23259100265335741,
    "leaf_estimation_iterations": 5,
    "iterations": 2000,
    "early_stopping_rounds": 50,
    "od_pval": 0.001,
    "task_type": "CPU",
    "thread_count": 4,
    "cat_features": [
        7
    ]
}
