{
    "learning_rate": 0.08399996208095104,
    "depth": 6,
    "l2_leaf_reg": 9.459105040671638,
    "bagging_temperature": 0.765979650907267,
    "leaf_estimation_iterations": 5,
    "iterations": 2000,
    "early_stopping_rounds": 50,
    "od_pval": 0.001,
    "task_type": "CPU",
    "thread_count": 10,
    "cat_features": [
        6,
        7,
        8
    ]
}
