{
    "learning_rate": 0.32929220502653306,
    "depth": 4,
    "l2_leaf_reg": 0.7884448294948362,
    "bagging_temperature": 0.14503361015459076,
    "leaf_estimation_iterations": 9,
    "iterations": 2000,
    "early_stopping_rounds": 50,
    "od_pval": 0.001,
    "task_type": "CPU",
    "thread_count": 4,
    "cat_features": [
        5
    ]
}
