{
    "coefficient3": {
        "MCAR": {
            "0.01": {
                "tddpm": 0.14126831614300311,
                "mean_mode": 0.2616361460458251,
                "random forest": 0.08952644181874601
            },
            "0.1": {
                "tddpm": 0.14886152774488468,
                "mean_mode": 0.30275765574428665,
                "random forest": 0.11413680601360271
            },
            "0.3": {
                "tddpm": 0.13728193854127602,
                "mean_mode": 0.29581940826995184,
                "random forest": 0.10940486877389187
            },
            "0.5": {
                "tddpm": 0.13237425457312818,
                "mean_mode": 0.29358873958115983,
                "random forest": 0.10404416184242038
            }
        },
        "MNAR": {
            "0.01": {
                "tddpm": 0.12381507945127998,
                "mean_mode": 0.01598544485431008,
                "random forest": 0.10104261724602051
            },
            "0.1": {
                "tddpm": 0.1133968397161599,
                "mean_mode": 0.05939810793913258,
                "random forest": 0.0836111344559456
            },
            "0.3": {
                "tddpm": 0.10989423112310774,
                "mean_mode": 0.1561626240948609,
                "random forest": 0.09102791630303611
            },
            "0.5": {
                "tddpm": 0.1249837423728496,
                "mean_mode": 0.2810150469192763,
                "random forest": 0.09896088880690558
            }
        },
        "MAR": {
            "0.01": {
                "tddpm": 0.13490930640668103,
                "mean_mode": 0.25175483732892884,
                "random forest": 0.10985397230950358
            },
            "0.1": {
                "tddpm": 0.12360540843541715,
                "mean_mode": 0.29282046105815096,
                "random forest": 0.09458602918669697
            },
            "0.3": {
                "tddpm": 0.13351815318101692,
                "mean_mode": 0.30605390912360486,
                "random forest": 0.09601444013164723
            },
            "0.5": {
                "tddpm": 0.12272338787603354,
                "mean_mode": 0.28423860849704696,
                "random forest": 0.1002747173459348
            }
        }
    },
    "coefficient4": {
        "MCAR": {
            "0.01": {
                "tddpm": 0.12948745719089597,
                "mean_mode": 0.3365378717980724,
                "random forest": 0.09808668432378283
            },
            "0.1": {
                "tddpm": 0.10931380786278676,
                "mean_mode": 0.2995351697223237,
                "random forest": 0.09427670505916307
            },
            "0.3": {
                "tddpm": 0.10255932255267901,
                "mean_mode": 0.309383374636187,
                "random forest": 0.08813454527526982
            },
            "0.5": {
                "tddpm": 0.10135820746351967,
                "mean_mode": 0.3093888142319422,
                "random forest": 0.08464632758271128
            }
        },
        "MNAR": {
            "0.01": {
                "tddpm": 0.11953984654328603,
                "mean_mode": 0.017967637259495794,
                "random forest": 0.08115777687254754
            },
            "0.1": {
                "tddpm": 0.10442832389839792,
                "mean_mode": 0.0618757445403806,
                "random forest": 0.08643966994395005
            },
            "0.3": {
                "tddpm": 0.1011975412865621,
                "mean_mode": 0.17338953296793455,
                "random forest": 0.0840848710210979
            },
            "0.5": {
                "tddpm": 0.09737966675866644,
                "mean_mode": 0.2917122810967518,
                "random forest": 0.0831813388241206
            }
        },
        "MAR": {
            "0.01": {
                "tddpm": 0.10816873394126462,
                "mean_mode": 0.2756991655307317,
                "random forest": 0.10527924674379506
            },
            "0.1": {
                "tddpm": 0.10195252864030568,
                "mean_mode": 0.3193729009223162,
                "random forest": 0.08800319782777583
            },
            "0.3": {
                "tddpm": 0.10411416194931059,
                "mean_mode": 0.2926455985753235,
                "random forest": 0.08814769297764014
            },
            "0.5": {
                "tddpm": 0.10166898426833504,
                "mean_mode": 0.3313832492841908,
                "random forest": 0.08453006578748991
            }
        }
    }
}
