{
    "coefficient3": {
        "MCAR": {
            "0.01": {
                "tddpm": 0.08167384649700903,
                "mean_mode": 0.2616361460458251
            },
            "0.1": {
                "tddpm": 0.12917831301875857,
                "mean_mode": 0.30275765574428665
            },
            "0.3": {
                "tddpm": 0.13236677376936762,
                "mean_mode": 0.29581940826995184
            },
            "0.5": {
                "tddpm": 0.1320406785765484,
                "mean_mode": 0.29358873958115983
            }
        },
        "MNAR": {
            "0.01": {
                "tddpm": 0.11053841719221391,
                "mean_mode": 0.01598544485431008
            },
            "0.1": {
                "tddpm": 0.10708855328289138,
                "mean_mode": 0.05939810793913258
            },
            "0.3": {
                "tddpm": 0.1121388974554878,
                "mean_mode": 0.1561626240948609
            },
            "0.5": {
                "tddpm": 0.12582540742464676,
                "mean_mode": 0.2810150469192763
            }
        },
        "MAR": {
            "0.01": {
                "tddpm": 0.13800703337337986,
                "mean_mode": 0.25175483732892884
            },
            "0.1": {
                "tddpm": 0.1335735666052583,
                "mean_mode": 0.29282046105815096
            },
            "0.3": {
                "tddpm": 0.13061184491158814,
                "mean_mode": 0.30605390912360486
            },
            "0.5": {
                "tddpm": 0.12485808299087053,
                "mean_mode": 0.28423860849704696
            }
        }
    }
}
