{
    "coefficient3": {
        "MCAR": {
            "0.01": {
                "tddpm": 0.08167384649700903,
                "mean_mode": 0.2616361460458251,
                "random forest": 0.08952644181874601
            },
            "0.1": {
                "tddpm": 0.12917831301875857,
                "mean_mode": 0.30275765574428665,
                "random forest": 0.11413680601360271
            },
            "0.3": {
                "tddpm": 0.13236677376936762,
                "mean_mode": 0.29581940826995184,
                "random forest": 0.10940486877389187
            },
            "0.5": {
                "tddpm": 0.1320406785765484,
                "mean_mode": 0.29358873958115983,
                "random forest": 0.10404416184242038
            }
        },
        "MNAR": {
            "0.01": {
                "tddpm": 0.11053841719221391,
                "mean_mode": 0.01598544485431008,
                "random forest": 0.10104261724602051
            },
            "0.1": {
                "tddpm": 0.10708855328289138,
                "mean_mode": 0.05939810793913258,
                "random forest": 0.0836111344559456
            },
            "0.3": {
                "tddpm": 0.1121388974554878,
                "mean_mode": 0.1561626240948609,
                "random forest": 0.09102791630303611
            },
            "0.5": {
                "tddpm": 0.12582540742464676,
                "mean_mode": 0.2810150469192763,
                "random forest": 0.09896088880690558
            }
        },
        "MAR": {
            "0.01": {
                "tddpm": 0.13800703337337986,
                "mean_mode": 0.25175483732892884,
                "random forest": 0.10985397230950358
            },
            "0.1": {
                "tddpm": 0.1335735666052583,
                "mean_mode": 0.29282046105815096,
                "random forest": 0.09458602918669697
            },
            "0.3": {
                "tddpm": 0.13061184491158814,
                "mean_mode": 0.30605390912360486,
                "random forest": 0.09601444013164723
            },
            "0.5": {
                "tddpm": 0.12485808299087053,
                "mean_mode": 0.28423860849704696,
                "random forest": 0.1002747173459348
            }
        }
    }
}
