{
    "impute": {
        "MCAR": {
            "0.01": {
                "tddpm": 36.29921914666895,
                "mean_mode": 12.542711453099091
            },
            "0.1": {
                "tddpm": 36.6853264863073,
                "mean_mode": 12.590047362998245
            },
            "0.3": {
                "tddpm": 36.961686988433904,
                "mean_mode": 12.54928577108107
            },
            "0.5": {
                "tddpm": 36.88230730978484,
                "mean_mode": 12.487754622146037
            }
        },
        "MNAR": {
            "0.01": {
                "tddpm": 41.924292272340985,
                "mean_mode": 9.553401433147835
            },
            "0.1": {
                "tddpm": 43.74632458311092,
                "mean_mode": 11.105001927512602
            },
            "0.3": {
                "tddpm": 28.185319809198788,
                "mean_mode": 14.0245587339019
            },
            "0.5": {
                "tddpm": 36.06094944881549,
                "mean_mode": 2.7439918776411396
            }
        },
        "MAR": {
            "0.01": {
                "tddpm": 38.238350985345505,
                "mean_mode": 12.302244301091976
            },
            "0.1": {
                "tddpm": 37.779985153493094,
                "mean_mode": 11.766525659625819
            },
            "0.3": {
                "tddpm": 36.57383446571936,
                "mean_mode": 12.40146958041289
            },
            "0.5": {
                "tddpm": 37.8472783208159,
                "mean_mode": 12.3299888681329
            }
        }
    }
}
