{
    "impute": {
        "MCAR": {
            "0.01": 36.29921914666895,
            "0.1": 36.6853264863073,
            "0.3": 36.961686988433904,
            "0.5": 36.88230730978484,
            "0.1": 36.6853264863073
        },
        "MNAR": {
            "0.01": 41.924292272340985,
            "0.1": 43.74632458311092,
            "0.3": 28.185319809198788,
            "0.5": 36.06094944881549
        },
        "MAR": {
            "0.01": 38.238350985345505,
            "0.1": 37.779985153493094,
            "0.3": 36.57383446571936,
            "0.5": 37.8472783208159
        }
    }
}
