{
    "impute": {
        "MCAR": {
            "0.01": {
                "tddpm": 0.08345316413160962,
                "mean_mode": 61.84640666069816
            },
            "0.1": {
                "tddpm": 0.0923971399044766,
                "mean_mode": 55.32905171651989
            },
            "0.3": {
                "tddpm": 0.09009320654421428,
                "mean_mode": 62.85425853247646
            },
            "0.5": {
                "tddpm": 0.08956963017291603,
                "mean_mode": 60.58766194633881
            }
        },
        "MNAR": {
            "0.01": {
                "tddpm": 0.09440960643289556,
                "mean_mode": 3.3195422611943295
            },
            "0.1": {
                "tddpm": 0.09237385181572687,
                "mean_mode": 3.31954226119433
            },
            "0.3": {
                "tddpm": 0.08267707458741937,
                "mean_mode": 3.353800328676939
            },
            "0.5": {
                "tddpm": 0.07508450398660374,
                "mean_mode": 3.390085537481469
            }
        },
        "MAR": {
            "0.01": {
                "tddpm": 0.07026587086070081,
                "mean_mode": 3.4204055983485078
            },
            "0.1": {
                "tddpm": 0.0877736778263182,
                "mean_mode": 3.439482827450083
            },
            "0.3": {
                "tddpm": 0.09313131874257793,
                "mean_mode": 3.466248402307415
            },
            "0.5": {
                "tddpm": 0.09513737842689692,
                "mean_mode": 3.4867188170489447
            }
        }
    }
}
