{
    "impute": {
        "MCAR": {
            "0.01": {
                "tddpm": 1.0131625327253795,
                "mean_mode": 0.6914944781029836
            },
            "0.1": {
                "tddpm": 0.3551499121084082,
                "mean_mode": 0.39943480496071126
            },
            "0.3": {
                "tddpm": 0.3144767112652924,
                "mean_mode": 0.4265530267299306
            },
            "0.5": {
                "tddpm": 0.28441155534060186,
                "mean_mode": 0.43072127050921455
            }
        },
        "MNAR": {
            "0.01": {
                "tddpm": 0.06420039347916305,
                "mean_mode": 0.08418667624862813
            },
            "0.1": {
                "tddpm": 0.0653641928069669,
                "mean_mode": 0.07665455852408196
            },
            "0.3": {
                "tddpm": 0.06644533213413852,
                "mean_mode": 0.061579525449242965
            },
            "0.5": {
                "tddpm": 0.0669118030554112,
                "mean_mode": 0.04938996843355975
            }
        },
        "MAR": {
            "0.01": {
                "tddpm": 0.08883713119633443,
                "mean_mode": 0.18914970207571555
            },
            "0.1": {
                "tddpm": 0.11074624331681743,
                "mean_mode": 0.12162764968833102
            },
            "0.3": {
                "tddpm": 0.10621615775475654,
                "mean_mode": 0.14762124448936467
            },
            "0.5": {
                "tddpm": 0.10333370021048657,
                "mean_mode": 0.1302812674026679
            }
        }
    }
}
