{
    "impute": {
        "MCAR": {
            "0.01": 1.0131625327253795,
            "0.1": 0.3551499121084082,
            "0.3": 0.3144767112652924,
            "0.5": 0.28441155534060186,
            "0.1": 0.3551499121084082
        },
        "MNAR": {
            "0.01": 0.06420039347916305,
            "0.1": 0.0653641928069669,
            "0.3": 0.06644533213413852,
            "0.5": 0.0669118030554112
        },
        "MAR": {
            "0.01": 0.08883713119633443,
            "0.1": 0.11074624331681743,
            "0.3": 0.10621615775475654,
            "0.5": 0.10333370021048657
        }
    }
}
