{
    "impute": {
        "MCAR": {
            "0.01": {
                "tddpm": 432.8878762893927,
                "mean_mode": 410.89791741562505
            },
            "0.1": {
                "tddpm": 382.6089573109754,
                "mean_mode": 441.50631584575825
            },
            "0.3": {
                "tddpm": 365.59436773383413,
                "mean_mode": 436.58214706119566
            },
            "0.5": {
                "tddpm": 400.2609824494326,
                "mean_mode": 446.2896873166704
            }
        },
        "MNAR": {
            "0.01": {
                "tddpm": 382.80725206452104,
                "mean_mode": 294.9566223250434
            },
            "0.1": {
                "tddpm": 276.13201435445643,
                "mean_mode": 294.9566223250434
            },
            "0.3": {
                "tddpm": 260.26845052085184,
                "mean_mode": 294.9566223250434
            },
            "0.5": {
                "tddpm": 268.8674870246244,
                "mean_mode": 263.4901028831846
            }
        },
        "MAR": {
            "0.01": {
                "tddpm": 492.81279548705015,
                "mean_mode": 404.0301957276461
            },
            "0.1": {
                "tddpm": 360.6573750853527,
                "mean_mode": 466.04273167924265
            },
            "0.3": {
                "tddpm": 357.97441936540895,
                "mean_mode": 425.0329739659108
            },
            "0.5": {
                "tddpm": 368.41411551219284,
                "mean_mode": 416.64535816394186
            }
        }
    }
}
