{
    "impute": {
        "MCAR": {
            "0.01": {
                "tddpm": 20.43756011137847,
                "mean_mode": 130.62129928968324
            },
            "0.1": {
                "tddpm": 37.98587082626246,
                "mean_mode": 127.0364620701966
            },
            "0.3": {
                "tddpm": 37.02263445847535,
                "mean_mode": 119.0658546115342
            },
            "0.5": {
                "tddpm": 41.720115353575956,
                "mean_mode": 120.44477306788784
            }
        },
        "MNAR": {
            "0.01": {
                "tddpm": 0.14249409997581927,
                "mean_mode": 49.4016319592215
            },
            "0.1": {
                "tddpm": 0.39456243255609647,
                "mean_mode": 49.40162948824411
            },
            "0.3": {
                "tddpm": 23.182129384839858,
                "mean_mode": 91.46444194672047
            },
            "0.5": {
                "tddpm": 1.851140340451239,
                "mean_mode": 46.67022197440917
            }
        },
        "MAR": {
            "0.01": {
                "tddpm": 0.7772135573351663,
                "mean_mode": 48.99180565650112
            },
            "0.1": {
                "tddpm": 1.6002572401172785,
                "mean_mode": 48.39010534109091
            },
            "0.3": {
                "tddpm": 25.803677608202307,
                "mean_mode": 116.77725692263455
            },
            "0.5": {
                "tddpm": 4.80212563420759,
                "mean_mode": 44.30807701172059
            }
        }
    }
}
