{
    "impute": {
        "MCAR": {
            "0.01": {
                "tddpm": 4.833912315902386,
                "mean_mode": 2.9296537054285747
            },
            "0.1": {
                "tddpm": 8.971735886930126,
                "mean_mode": 6.575180383711126
            },
            "0.3": {
                "tddpm": 8.152049792617813,
                "mean_mode": 6.107410039603575
            },
            "0.5": {
                "tddpm": 7.911520724742802,
                "mean_mode": 6.034659395714582
            }
        },
        "MNAR": {
            "0.01": {
                "tddpm": 21.64343457204717,
                "mean_mode": 6.834643691588788
            },
            "0.1": {
                "tddpm": 9.220876665197451,
                "mean_mode": 6.0212900171618635
            },
            "0.3": {
                "tddpm": 6.775182472315403,
                "mean_mode": 4.218535173041766
            },
            "0.5": {
                "tddpm": 6.856337671952252,
                "mean_mode": 3.3095773049897717
            }
        },
        "MAR": {
            "0.01": {
                "tddpm": 1.2408481872550958,
                "mean_mode": 0.9073627047053805
            },
            "0.1": {
                "tddpm": 7.298311883004157,
                "mean_mode": 5.561775831202288
            },
            "0.3": {
                "tddpm": 8.826000653304915,
                "mean_mode": 5.933767562460505
            },
            "0.5": {
                "tddpm": 9.098010543607694,
                "mean_mode": 6.140660552182083
            }
        }
    }
}
