{
    "impute": {
        "MCAR": {
            "0.01": {
                "tddpm": 10.54709579218648,
                "mean_mode": 6.634352947260559,
                "random forest": 6.950137560195016
            },
            "0.1": {
                "tddpm": 6.575105663730638,
                "mean_mode": 5.86100687984985,
                "random forest": 6.147759898894849
            },
            "0.3": {
                "tddpm": 7.081570059874333,
                "mean_mode": 5.92111175566722,
                "random forest": 6.288892850339068
            },
            "0.5": {
                "tddpm": 7.042304504753346,
                "mean_mode": 5.947104178361224,
                "random forest": 6.455372257440011
            }
        },
        "MNAR": {
            "0.01": {
                "tddpm": 11.232578619216797,
                "mean_mode": 8.741913600464354,
                "random forest": 2.142795764882888
            },
            "0.1": {
                "tddpm": 6.575853569780947,
                "mean_mode": 4.218705817595019,
                "random forest": 4.454657257080789
            },
            "0.3": {
                "tddpm": 5.6293172752757235,
                "mean_mode": 2.919154006150199,
                "random forest": 3.6665756773336695
            },
            "0.5": {
                "tddpm": 5.474220343191051,
                "mean_mode": 2.4681014821120453,
                "random forest": 3.6065787465105292
            }
        },
        "MAR": {
            "0.01": {
                "tddpm": 3.9313593037987022,
                "mean_mode": 5.234863790044604,
                "random forest": 6.216850016286396
            },
            "0.1": {
                "tddpm": 6.757761676524283,
                "mean_mode": 5.2266727933500645,
                "random forest": 6.080001387130357
            },
            "0.3": {
                "tddpm": 7.420297939339841,
                "mean_mode": 5.900581858503019,
                "random forest": 6.93267722787329
            },
            "0.5": {
                "tddpm": 7.920142616240829,
                "mean_mode": 6.223057607642855,
                "random forest": 6.921302104444718
            }
        }
    }
}
