{
    "impute": {
        "MCAR": {
            "0.1": {
                "tddpm": 13.677100976879418,
                "mean_mode": 10.026267076741005,
                "random forest": 10.575160731639023
            },
            "0.01": {
                "tddpm": 12.999030918615288,
                "mean_mode": 8.350406805853364,
                "random forest": 9.09957553955128
            },
            "0.3": {
                "tddpm": 13.681903526940847,
                "mean_mode": 11.011282596563705,
                "random forest": 11.342768408403069
            },
            "0.5": {
                "tddpm": 13.451056432198143,
                "mean_mode": 10.786992144426813,
                "random forest": 11.053206670464458
            }
        },
        "MNAR": {
            "0.01": {
                "tddpm": 9.834507280827362,
                "mean_mode": 1.8706245869471345,
                "random forest": 3.4480878759103573
            },
            "0.1": {
                "tddpm": 8.370669522037844,
                "mean_mode": 1.3208968094135038,
                "random forest": 3.57407197745093
            },
            "0.3": {
                "tddpm": 9.108074332785591,
                "mean_mode": 2.676887227951647,
                "random forest": 4.428101361381271
            },
            "0.5": {
                "tddpm": 11.904598622357213,
                "mean_mode": 9.164712269829835,
                "random forest": 9.262153939554233
            }
        },
        "MAR": {
            "0.01": {
                "tddpm": 12.73172182885647,
                "mean_mode": 7.9629797295419324,
                "random forest": 7.648741399733685
            },
            "0.1": {
                "tddpm": 12.274705920847131,
                "mean_mode": 10.330356374171359,
                "random forest": 10.161335296111432
            },
            "0.3": {
                "tddpm": 13.024734820168858,
                "mean_mode": 10.57486953113777,
                "random forest": 10.775433154479995
            },
            "0.5": {
                "tddpm": 13.390028268533976,
                "mean_mode": 10.646017313124549,
                "random forest": 10.846080988080441
            }
        }
    }
}
