{
    "Length": {
        "MCAR": {
            "0.01": {
                "tddpm": 0.0395845767978815,
                "mean_mode": 0.1594317343734443
            },
            "0.1": {
                "tddpm": 0.029752462267658052,
                "mean_mode": 0.12306970047277585
            },
            "0.3": {
                "tddpm": 0.03404405247108242,
                "mean_mode": 0.11160708472562682
            },
            "0.5": {
                "tddpm": 0.0324011027385234,
                "mean_mode": 0.11390746447210183
            }
        },
        "MNAR": {
            "0.01": {
                "tddpm": 0.023249818257420677,
                "mean_mode": 0.21281005956198032
            },
            "0.1": {
                "tddpm": 0.02608769725200028,
                "mean_mode": 0.17198114533785006
            },
            "0.3": {
                "tddpm": 0.024918318576698174,
                "mean_mode": 0.12094748284467201
            },
            "0.5": {
                "tddpm": 0.025965279737030833,
                "mean_mode": 0.09448649975586904
            }
        },
        "MAR": {
            "0.01": {
                "tddpm": 0.02280888180149893,
                "mean_mode": 0.2038574466118345
            },
            "0.1": {
                "tddpm": 0.021775702057515493,
                "mean_mode": 0.16944900009701233
            },
            "0.3": {
                "tddpm": 0.02980482492032019,
                "mean_mode": 0.1210413543989231
            },
            "0.5": {
                "tddpm": 0.028474756961742433,
                "mean_mode": 0.09675277797056019
            }
        }
    }
}
