{
    "MCAR": {
        "0.1": 0.6273153571785614
    },
    "Sex": {
        "MCAR": {
            "0.5": 0.4431978319783198
        }
    },
    "Length": {
        "MNAR": {
            "0.5": 1.6609703311923047
        },
        "MCAR": {
            "0.5": 1.6803758497110444
        },
        "MAR": {
            "0.5": 0.9593254151095942
        }
    }
}
