{
    "Length": {
        "MCAR": {
            "0.01": {
                "tddpm": 0.016564919405309866,
                "mean_mode": 0.10283072105062556,
                "random forest": 0.014063249980001155
            },
            "0.3": {
                "tddpm": 0.03205737224084817,
                "mean_mode": 0.11090993358099746,
                "random forest": 0.026514137361038158
            },
            "0.5": {
                "tddpm": 0.029412987544180293,
                "mean_mode": 0.11486450254589127,
                "random forest": 0.02323490081813796
            },
            "0.1": {
                "tddpm": 0.04058968031769697,
                "mean_mode": 0.11957101251886386,
                "random forest": 0.03634365218599893
            }
        },
        "MNAR": {
            "0.01": {
                "tddpm": 0.04059977297195092,
                "mean_mode": 0.19598127079308314,
                "random forest": 0.017869430950648656
            },
            "0.1": {
                "tddpm": 0.026311503906166364,
                "mean_mode": 0.1209920475346965,
                "random forest": 0.01754320913479024
            },
            "0.3": {
                "tddpm": 0.0263992700321366,
                "mean_mode": 0.05031525954409033,
                "random forest": 0.01838697310597915
            },
            "0.5": {
                "tddpm": 0.025183419589831127,
                "mean_mode": 0.06511172759565746,
                "random forest": 0.01779261764954688
            }
        },
        "MAR": {
            "0.01": {
                "tddpm": 0.03242288882412882,
                "mean_mode": 0.1616909535263819,
                "random forest": 0.020627689218620657
            },
            "0.1": {
                "tddpm": 0.026407273826030322,
                "mean_mode": 0.1193928892950707,
                "random forest": 0.016863930997092536
            },
            "0.3": {
                "tddpm": 0.024220784535621428,
                "mean_mode": 0.11937426696089175,
                "random forest": 0.0179165747284463
            },
            "0.5": {
                "tddpm": 0.026618152404410792,
                "mean_mode": 0.07105064397319996,
                "random forest": 0.018630126217253976
            }
        }
    }
}
