{
    "impute": {
        "MCAR": {
            "0.01": {
                "tddpm": 0.0002698044654547166,
                "mean_mode": 0.0004016499931069167
            },
            "0.1": {
                "tddpm": 0.0010918085130447535,
                "mean_mode": 0.0011767843543530325
            },
            "0.3": {
                "tddpm": 0.000979054856583577,
                "mean_mode": 0.0010705770494142514
            },
            "0.5": {
                "tddpm": 0.0008492942662490075,
                "mean_mode": 0.0009310207659928935
            }
        },
        "MNAR": {
            "0.01": {
                "tddpm": 9.825383776209567e-06,
                "mean_mode": 2.6174805633582723e-06
            },
            "0.1": {
                "tddpm": 6.482286351230708e-05,
                "mean_mode": 1.0083050983735686e-05
            },
            "0.3": {
                "tddpm": 0.00024557716920072057,
                "mean_mode": 7.99975607817745e-05
            },
            "0.5": {
                "tddpm": 0.00045482698097128334,
                "mean_mode": 0.0003983631474543097
            }
        },
        "MAR": {
            "0.01": {
                "tddpm": 6.195194996732254e-05,
                "mean_mode": 1.5447767787075413e-05
            },
            "0.1": {
                "tddpm": 0.0001258468973809124,
                "mean_mode": 0.00016509245509968004
            },
            "0.3": {
                "tddpm": 0.0002204949912096175,
                "mean_mode": 0.00028483794405344845
            },
            "0.5": {
                "tddpm": 0.000667014037828252,
                "mean_mode": 0.0006647863979826644
            }
        }
    }
}
