{
    "impute": {
        "MCAR": {
            "0.01": 0.0002698044654547166,
            "0.1": 0.0010918085130447535,
            "0.3": 0.000979054856583577,
            "0.5": 0.0008492942662490075
        },
        "MNAR": {
            "0.01": 9.825383776209567e-06,
            "0.1": 6.482286351230708e-05,
            "0.3": 0.00024557716920072057,
            "0.5": 0.00045482698097128334
        },
        "MAR": {
            "0.01": 6.195194996732254e-05,
            "0.1": 0.0001258468973809124,
            "0.3": 0.0002204949912096175,
            "0.5": 0.000667014037828252
        }
    }
}
