{
    "impute": {
        "MCAR": {
            "0.01": {
                "tddpm": 13.613816351344623,
                "mean_mode": 29.44098831466416
            },
            "0.1": {
                "tddpm": 20.621755881157895,
                "mean_mode": 87.17411505860542
            },
            "0.3": {
                "tddpm": 21.215894547840513,
                "mean_mode": 69.0223831881687
            },
            "0.5": {
                "tddpm": 25.145534595324733,
                "mean_mode": 67.99884210086027
            }
        },
        "MNAR": {
            "0.01": {
                "tddpm": 3.7925564007690826,
                "mean_mode": 38.752017756142685
            },
            "0.1": {
                "tddpm": 6.963620394335471,
                "mean_mode": 34.84516216022722
            },
            "0.3": {
                "tddpm": 7.106212953718225,
                "mean_mode": 29.454610759810134
            },
            "0.5": {
                "tddpm": 7.140942402205141,
                "mean_mode": 25.49741444698201
            }
        },
        "MAR": {
            "0.01": {
                "tddpm": 19.367501286472763,
                "mean_mode": 94.5860667423916
            },
            "0.1": {
                "tddpm": 20.24926717101411,
                "mean_mode": 53.25447894887889
            },
            "0.3": {
                "tddpm": 17.554315637934273,
                "mean_mode": 43.392518979343315
            },
            "0.5": {
                "tddpm": 15.49644375941315,
                "mean_mode": 39.04822208562702
            }
        }
    }
}
