{
    "impute": {
        "MCAR": {
            "0.01": {
                "tddpm": 10.027183792539345,
                "mean_mode": 21.362344948975018,
                "random forest": 13.674030622154039
            },
            "0.1": {
                "tddpm": 12.329727174127132,
                "mean_mode": 33.54304113451767,
                "random forest": 8.169549484428382
            },
            "0.3": {
                "tddpm": 17.0517121651849,
                "mean_mode": 36.590628143417106,
                "random forest": 9.652922944165475
            },
            "0.5": {
                "tddpm": 28.04413060139287,
                "mean_mode": 62.075599877422825,
                "random forest": 11.297039054553577
            }
        },
        "MNAR": {
            "0.01": {
                "tddpm": 5.023274662386112,
                "mean_mode": 24.980039889555737,
                "random forest": 4.377819887978971
            },
            "0.1": {
                "tddpm": 7.421236421172492,
                "mean_mode": 23.33501698296436,
                "random forest": 5.347972714810358
            },
            "0.3": {
                "tddpm": 7.61655452159797,
                "mean_mode": 19.45674328283566,
                "random forest": 5.14870563492871
            },
            "0.5": {
                "tddpm": 8.01053650658215,
                "mean_mode": 15.684785004826733,
                "random forest": 6.03594564199135
            }
        },
        "MAR": {
            "0.01": {
                "tddpm": 6.642725470034152,
                "mean_mode": 23.014222696284033,
                "random forest": 10.576442053900113
            },
            "0.1": {
                "tddpm": 48.245088599650735,
                "mean_mode": 84.98794290738579,
                "random forest": 15.417792574265272
            },
            "0.3": {
                "tddpm": 40.562970822088616,
                "mean_mode": 83.79086245766958,
                "random forest": 15.601558748582871
            },
            "0.5": {
                "tddpm": 34.424411488973284,
                "mean_mode": 69.8775583302744,
                "random forest": 13.76582685338691
            }
        }
    }
}
