{
    "impute": {
        "MCAR": {
            "0.01": {
                "tddpm": 0.628125,
                "mean_mode": 0.0
            },
            "0.1": {
                "tddpm": 0.6663740741915811,
                "mean_mode": 0.0
            },
            "0.3": {
                "tddpm": 0.6528472129992369,
                "mean_mode": 0.0
            },
            "0.5": {
                "tddpm": 0.6554879872649353,
                "mean_mode": 0.0
            }
        },
        "MNAR": {
            "0.01": {
                "tddpm": 0.62676236862343,
                "mean_mode": 0.0
            },
            "0.1": {
                "tddpm": 0.6576034798277458,
                "mean_mode": 0.0
            },
            "0.3": {
                "tddpm": 0.6447215326630429,
                "mean_mode": 0.0
            }
        }
    }
}
